ID,graphml
paf0,"<graphml xmlns=""http://graphml.graphdrawing.org/xmlns"" xmlns:xsi=""http://www.w3.org/2001/XMLSchema-instance"" xsi:schemaLocation=""http://graphml.graphdrawing.org/xmlns http://graphml.graphdrawing.org/xmlns/1.0/graphml.xsd"">  <key id=""d0"" for=""node"" attr.name=""names"" attr.type=""string"" />  <graph edgedefault=""undirected"">    <node id=""Ier&#8212;"">      <data key=""d0"">Ier&#8212;</data>    </node>    <node id=""Hummin"">      <data key=""d0"">Hummin</data>    </node>    <node id=""Empereur galactique"">      <data key=""d0"">Empereur galactique</data>    </node>    <node id=""Lieutenant Alban Wellis"">      <data key=""d0"">Lieutenant Alban Wellis;Wellis</data>    </node>    <node id=""Hari Seldon"">      <data key=""d0"">Hari Seldon;Seldon</data>    </node>    <node id=""Cl&#233;on"">      <data key=""d0"">Cl&#233;on</data>    </node>    <node id=""Eto Demerzel"">      <data key=""d0"">Eto Demerzel;Demerzel</data>    </node>    <node id=""Sire"">      <data key=""d0"">Sire</data>    </node>    <edge source=""Ier&#8212;"" target=""Hummin"" />    <edge source=""Hummin"" target=""Hari Seldon"" />    <edge source=""Hummin"" target=""Eto Demerzel"" />    <edge source=""Hummin"" target=""Lieutenant Alban Wellis"" />    <edge source=""Empereur galactique"" target=""Lieutenant Alban Wellis"" />    <edge source=""Lieutenant Alban Wellis"" target=""Cl&#233;on"" />    <edge source=""Lieutenant Alban Wellis"" target=""Sire"" />  </graph></graphml>"
paf1,"<graphml xmlns=""http://graphml.graphdrawing.org/xmlns"" xmlns:xsi=""http://www.w3.org/2001/XMLSchema-instance"" xsi:schemaLocation=""http://graphml.graphdrawing.org/xmlns http://graphml.graphdrawing.org/xmlns/1.0/graphml.xsd"">  <key id=""d0"" for=""node"" attr.name=""names"" attr.type=""string"" />  <graph edgedefault=""undirected"">    <node id=""Cl&#233;on Ier"">      <data key=""d0"">Cl&#233;on Ier</data>    </node>    <node id=""Anacr&#233;on"">      <data key=""d0"">Anacr&#233;on</data>    </node>    <node id=""Seldon"">      <data key=""d0"">Seldon;Hari Seldon</data>    </node>    <node id=""Marbie"">      <data key=""d0"">Marbie</data>    </node>    <node id=""Alem"">      <data key=""d0"">Alem</data>    </node>    <node id=""Hummin"">      <data key=""d0"">Hummin</data>    </node>    <node id=""Demerzel"">      <data key=""d0"">Demerzel</data>    </node>    <edge source=""Cl&#233;on Ier"" target=""Anacr&#233;on"" />    <edge source=""Anacr&#233;on"" target=""Seldon"" />    <edge source=""Anacr&#233;on"" target=""Marbie"" />    <edge source=""Anacr&#233;on"" target=""Alem"" />    <edge source=""Anacr&#233;on"" target=""Hummin"" />    <edge source=""Anacr&#233;on"" target=""Demerzel"" />  </graph></graphml>"
paf2,"<graphml xmlns=""http://graphml.graphdrawing.org/xmlns"" xmlns:xsi=""http://www.w3.org/2001/XMLSchema-instance"" xsi:schemaLocation=""http://graphml.graphdrawing.org/xmlns http://graphml.graphdrawing.org/xmlns/1.0/graphml.xsd"">  <key id=""d0"" for=""node"" attr.name=""names"" attr.type=""string"" />  <graph edgedefault=""undirected"">    <node id=""Hari Seldon"">      <data key=""d0"">Hari Seldon;Seldon</data>    </node>    <node id=""Demerzel"">      <data key=""d0"">Demerzel</data>    </node>    <node id=""Hummin"">      <data key=""d0"">Hummin;Chetter Hummin</data>    </node>    <edge source=""Hari Seldon"" target=""Demerzel"" />    <edge source=""Demerzel"" target=""Hummin"" />  </graph></graphml>"
paf3,"<graphml xmlns=""http://graphml.graphdrawing.org/xmlns"" xmlns:xsi=""http://www.w3.org/2001/XMLSchema-instance"" xsi:schemaLocation=""http://graphml.graphdrawing.org/xmlns http://graphml.graphdrawing.org/xmlns/1.0/graphml.xsd"">  <key id=""d0"" for=""node"" attr.name=""names"" attr.type=""string"" />  <graph edgedefault=""undirected"">    <node id=""Cinna"">      <data key=""d0"">Cinna</data>    </node>    <node id=""Jennisek"">      <data key=""d0"">Jennisek</data>    </node>    <node id=""Hari Seldon"">      <data key=""d0"">Hari Seldon;Seldon;Hari</data>    </node>    <node id=""Demerzel"">      <data key=""d0"">Demerzel</data>    </node>    <node id=""Dors Venabili"">      <data key=""d0"">Dors Venabili;Dors;Venabili</data>    </node>    <node id=""Chetter Hummin"">      <data key=""d0"">Chetter Hummin;Hummin;Chetter</data>    </node>    <node id=""Cl&#233;on"">      <data key=""d0"">Cl&#233;on</data>    </node>    <node id=""Sire"">      <data key=""d0"">Sire</data>    </node>    <node id=""Kan"">      <data key=""d0"">Kan</data>    </node>    <edge source=""Cinna"" target=""Jennisek"" />    <edge source=""Jennisek"" target=""Hari Seldon"" />    <edge source=""Jennisek"" target=""Demerzel"" />    <edge source=""Jennisek"" target=""Dors Venabili"" />    <edge source=""Jennisek"" target=""Chetter Hummin"" />    <edge source=""Jennisek"" target=""Cl&#233;on"" />    <edge source=""Jennisek"" target=""Sire"" />    <edge source=""Jennisek"" target=""Kan"" />  </graph></graphml>"
paf4,"<graphml xmlns=""http://graphml.graphdrawing.org/xmlns"" xmlns:xsi=""http://www.w3.org/2001/XMLSchema-instance"" xsi:schemaLocation=""http://graphml.graphdrawing.org/xmlns http://graphml.graphdrawing.org/xmlns/1.0/graphml.xsd"">  <key id=""d0"" for=""node"" attr.name=""names"" attr.type=""string"" />  <graph edgedefault=""undirected"">    <node id=""Hari Seldon"">      <data key=""d0"">Hari Seldon;Seldon;Hari</data>    </node>    <node id=""Exos"">      <data key=""d0"">Exos</data>    </node>    <node id=""Clowzia"">      <data key=""d0"">Clowzia</data>    </node>    <node id=""Hummin"">      <data key=""d0"">Hummin</data>    </node>    <node id=""Leggen"">      <data key=""d0"">Leggen;Jenarr Leggen;docteur Leggen</data>    </node>    <node id=""Lisung Randa"">      <data key=""d0"">Lisung Randa;Randa;Lisung</data>    </node>    <node id=""Randa"">      <data key=""d0"">Randa;Lisung Randa;Kiangtow Randa</data>    </node>    <node id=""Dors"">      <data key=""d0"">Dors;Dors Venabili</data>    </node>    <edge source=""Hari Seldon"" target=""Exos"" />    <edge source=""Hari Seldon"" target=""Clowzia"" />    <edge source=""Clowzia"" target=""Lisung Randa"" />    <edge source=""Clowzia"" target=""Randa"" />    <edge source=""Clowzia"" target=""Dors"" />    <edge source=""Clowzia"" target=""Leggen"" />    <edge source=""Hummin"" target=""Leggen"" />    <edge source=""Leggen"" target=""Dors"" />  </graph></graphml>"
paf5,"<graphml xmlns=""http://graphml.graphdrawing.org/xmlns"" xmlns:xsi=""http://www.w3.org/2001/XMLSchema-instance"" xsi:schemaLocation=""http://graphml.graphdrawing.org/xmlns http://graphml.graphdrawing.org/xmlns/1.0/graphml.xsd"">  <key id=""d0"" for=""node"" attr.name=""names"" attr.type=""string"" />  <graph edgedefault=""undirected"">    <node id=""Dors Venabili"">      <data key=""d0"">Dors Venabili;Dors;Venabili</data>    </node>    <node id=""Benastra"">      <data key=""d0"">Benastra</data>    </node>    <node id=""Jenarr Leggen"">      <data key=""d0"">Jenarr Leggen;Leggen;Jenarr</data>    </node>    <node id=""Hari Seldon"">      <data key=""d0"">Hari Seldon;Seldon;Hari</data>    </node>    <node id=""Clowzia"">      <data key=""d0"">Clowzia</data>    </node>    <edge source=""Dors Venabili"" target=""Benastra"" />    <edge source=""Benastra"" target=""Jenarr Leggen"" />    <edge source=""Benastra"" target=""Hari Seldon"" />    <edge source=""Benastra"" target=""Clowzia"" />  </graph></graphml>"
paf6,"<graphml xmlns=""http://graphml.graphdrawing.org/xmlns"" xmlns:xsi=""http://www.w3.org/2001/XMLSchema-instance"" xsi:schemaLocation=""http://graphml.graphdrawing.org/xmlns http://graphml.graphdrawing.org/xmlns/1.0/graphml.xsd"">  <key id=""d0"" for=""node"" attr.name=""names"" attr.type=""string"" />  <graph edgedefault=""undirected"">    <node id=""Hummin"">      <data key=""d0"">Hummin</data>    </node>    <node id=""Cinna"">      <data key=""d0"">Cinna</data>    </node>    <node id=""Dors"">      <data key=""d0"">Dors;Dors Venabili</data>    </node>    <node id=""Eto Demerzel"">      <data key=""d0"">Eto Demerzel;Demerzel</data>    </node>    <node id=""Leggen"">      <data key=""d0"">Leggen;docteur Leggen</data>    </node>    <node id=""Primo"">      <data key=""d0"">Primo</data>    </node>    <node id=""Randa"">      <data key=""d0"">Randa</data>    </node>    <node id=""Maire de Kan"">      <data key=""d0"">Maire de Kan</data>    </node>    <node id=""Cl&#233;on"">      <data key=""d0"">Cl&#233;on</data>    </node>    <node id=""Hari Seldon"">      <data key=""d0"">Hari Seldon;Seldon;Hari</data>    </node>    <edge source=""Hummin"" target=""Cinna"" />    <edge source=""Cinna"" target=""Dors"" />    <edge source=""Cinna"" target=""Eto Demerzel"" />    <edge source=""Cinna"" target=""Leggen"" />    <edge source=""Cinna"" target=""Primo"" />    <edge source=""Cinna"" target=""Randa"" />    <edge source=""Cinna"" target=""Maire de Kan"" />    <edge source=""Cinna"" target=""Cl&#233;on"" />    <edge source=""Cinna"" target=""Hari Seldon"" />  </graph></graphml>"
paf7,"<graphml xmlns=""http://graphml.graphdrawing.org/xmlns"" xmlns:xsi=""http://www.w3.org/2001/XMLSchema-instance"" xsi:schemaLocation=""http://graphml.graphdrawing.org/xmlns http://graphml.graphdrawing.org/xmlns/1.0/graphml.xsd"">  <key id=""d0"" for=""node"" attr.name=""names"" attr.type=""string"" />  <graph edgedefault=""undirected"">    <node id=""Hari Seldon"">      <data key=""d0"">Hari Seldon;Seldon;Hari</data>    </node>    <node id=""Goutte-de-Pluie"">      <data key=""d0"">Goutte-de-Pluie;Goutte-de-Pluie Quarante</data>    </node>    <node id=""Dors"">      <data key=""d0"">Dors;Dors Venabili</data>    </node>    <node id=""Endor Levanian"">      <data key=""d0"">Endor Levanian;Levanian</data>    </node>    <node id=""Hummin"">      <data key=""d0"">Hummin;Chetter Hummin</data>    </node>    <node id=""Clowzia"">      <data key=""d0"">Clowzia</data>    </node>    <node id=""Cinna"">      <data key=""d0"">Cinna</data>    </node>    <node id=""Grisnuage"">      <data key=""d0"">Grisnuage</data>    </node>    <edge source=""Hari Seldon"" target=""Goutte-de-Pluie"" />    <edge source=""Goutte-de-Pluie"" target=""Dors"" />    <edge source=""Goutte-de-Pluie"" target=""Endor Levanian"" />    <edge source=""Goutte-de-Pluie"" target=""Hummin"" />    <edge source=""Goutte-de-Pluie"" target=""Clowzia"" />    <edge source=""Goutte-de-Pluie"" target=""Cinna"" />    <edge source=""Goutte-de-Pluie"" target=""Grisnuage"" />  </graph></graphml>"
paf8,"<graphml xmlns=""http://graphml.graphdrawing.org/xmlns"" xmlns:xsi=""http://www.w3.org/2001/XMLSchema-instance"" xsi:schemaLocation=""http://graphml.graphdrawing.org/xmlns http://graphml.graphdrawing.org/xmlns/1.0/graphml.xsd"">  <key id=""d0"" for=""node"" attr.name=""names"" attr.type=""string"" />  <graph edgedefault=""undirected"">    <node id=""Hari Seldon"">      <data key=""d0"">Hari Seldon;Seldon;Hari</data>    </node>    <node id=""Le Fr&#232;re"">      <data key=""d0"">Le Fr&#232;re</data>    </node>    <node id=""Grisnuage"">      <data key=""d0"">Grisnuage</data>    </node>    <node id=""Dors"">      <data key=""d0"">Dors</data>    </node>    <node id=""Fr&#232;re et chaque S&#339;ur"">      <data key=""d0"">Fr&#232;re et chaque S&#339;ur</data>    </node>    <node id=""Chetter Hummin"">      <data key=""d0"">Chetter Hummin;Hummin</data>    </node>    <node id=""Goutte-de-Pluie"">      <data key=""d0"">Goutte-de-Pluie;Goutte;de-Pluie</data>    </node>    <edge source=""Hari Seldon"" target=""Le Fr&#232;re"" />    <edge source=""Le Fr&#232;re"" target=""Grisnuage"" />    <edge source=""Le Fr&#232;re"" target=""Chetter Hummin"" />    <edge source=""Le Fr&#232;re"" target=""Goutte-de-Pluie"" />    <edge source=""Le Fr&#232;re"" target=""Fr&#232;re et chaque S&#339;ur"" />    <edge source=""Dors"" target=""Fr&#232;re et chaque S&#339;ur"" />    <edge source=""Fr&#232;re et chaque S&#339;ur"" target=""Chetter Hummin"" />  </graph></graphml>"
paf9,"<graphml xmlns=""http://graphml.graphdrawing.org/xmlns"" xmlns:xsi=""http://www.w3.org/2001/XMLSchema-instance"" xsi:schemaLocation=""http://graphml.graphdrawing.org/xmlns http://graphml.graphdrawing.org/xmlns/1.0/graphml.xsd"">  <key id=""d0"" for=""node"" attr.name=""names"" attr.type=""string"" />  <graph edgedefault=""undirected"">    <node id=""Hari Seldon"">      <data key=""d0"">Hari Seldon;Seldon;Hari</data>    </node>    <node id=""La S&#339;ur"">      <data key=""d0"">La S&#339;ur</data>    </node>    <node id=""Goutte-de-Pluie"">      <data key=""d0"">Goutte-de-Pluie</data>    </node>    <node id=""Fr&#232;re"">      <data key=""d0"">Fr&#232;re</data>    </node>    <node id=""Dors"">      <data key=""d0"">Dors;Dors Venabili</data>    </node>    <edge source=""Hari Seldon"" target=""La S&#339;ur"" />    <edge source=""La S&#339;ur"" target=""Goutte-de-Pluie"" />    <edge source=""La S&#339;ur"" target=""Fr&#232;re"" />    <edge source=""La S&#339;ur"" target=""Dors"" />  </graph></graphml>"
paf10,"<graphml xmlns=""http://graphml.graphdrawing.org/xmlns"" xmlns:xsi=""http://www.w3.org/2001/XMLSchema-instance"" xsi:schemaLocation=""http://graphml.graphdrawing.org/xmlns http://graphml.graphdrawing.org/xmlns/1.0/graphml.xsd"">  <key id=""d0"" for=""node"" attr.name=""names"" attr.type=""string"" />  <graph edgedefault=""undirected"">    <node id=""Goutte-de-Pluie"">      <data key=""d0"">Goutte-de-Pluie;S&#339;urs Goutte-de-Pluie</data>    </node>    <node id=""Hummin"">      <data key=""d0"">Hummin</data>    </node>    <node id=""Dors"">      <data key=""d0"">Dors;Dors Venabili</data>    </node>    <node id=""Grand Ancien"">      <data key=""d0"">Grand Ancien</data>    </node>    <node id=""Tabou"">      <data key=""d0"">Tabou</data>    </node>    <node id=""Hari Seldon"">      <data key=""d0"">Hari Seldon;Seldon;Hari</data>    </node>    <node id=""Fr&#232;re"">      <data key=""d0"">Fr&#232;re</data>    </node>    <node id=""Mycog&#233;nien"">      <data key=""d0"">Mycog&#233;nien</data>    </node>    <node id=""Myc&#233;lium"">      <data key=""d0"">Myc&#233;lium;Myc&#233;lium Soixante-douze</data>    </node>    <node id=""Lissauer"">      <data key=""d0"">Lissauer</data>    </node>    <node id=""Mentone"">      <data key=""d0"">Mentone</data>    </node>    <node id=""Novigor"">      <data key=""d0"">Novigor</data>    </node>    <node id=""Cinna"">      <data key=""d0"">Cinna</data>    </node>    <edge source=""Goutte-de-Pluie"" target=""Hummin"" />    <edge source=""Hummin"" target=""Dors"" />    <edge source=""Hummin"" target=""Hari Seldon"" />    <edge source=""Hummin"" target=""Mycog&#233;nien"" />    <edge source=""Hummin"" target=""Mentone"" />    <edge source=""Hummin"" target=""Grand Ancien"" />    <edge source=""Dors"" target=""Grand Ancien"" />    <edge source=""Grand Ancien"" target=""Tabou"" />    <edge source=""Grand Ancien"" target=""Hari Seldon"" />    <edge source=""Grand Ancien"" target=""Fr&#232;re"" />    <edge source=""Grand Ancien"" target=""Myc&#233;lium"" />    <edge source=""Grand Ancien"" target=""Lissauer"" />    <edge source=""Grand Ancien"" target=""Novigor"" />    <edge source=""Grand Ancien"" target=""Cinna"" />  </graph></graphml>"
paf11,"<graphml xmlns=""http://graphml.graphdrawing.org/xmlns"" xmlns:xsi=""http://www.w3.org/2001/XMLSchema-instance"" xsi:schemaLocation=""http://graphml.graphdrawing.org/xmlns http://graphml.graphdrawing.org/xmlns/1.0/graphml.xsd"">  <key id=""d0"" for=""node"" attr.name=""names"" attr.type=""string"" />  <graph edgedefault=""undirected"">    <node id=""Hari Seldon"">      <data key=""d0"">Hari Seldon;Seldon;Hari</data>    </node>    <node id=""Chetter"">      <data key=""d0"">Chetter</data>    </node>    <node id=""Seldon"">      <data key=""d0"">Seldon;Hari Seldon;Barbare Seldon</data>    </node>    <node id=""Dors Venabili"">      <data key=""d0"">Dors Venabili;Dors;Venabili</data>    </node>    <node id=""Myc&#233;lium Soixante-douze"">      <data key=""d0"">Myc&#233;lium Soixante-douze</data>    </node>    <node id=""Hummin"">      <data key=""d0"">Hummin</data>    </node>    <node id=""Antennin"">      <data key=""d0"">Antennin</data>    </node>    <node id=""Wendome"">      <data key=""d0"">Wendome</data>    </node>    <node id=""Bendar"">      <data key=""d0"">Bendar</data>    </node>    <node id=""Ma&#238;tre-du-Soleil Quatorze"">      <data key=""d0"">Ma&#238;tre-du-Soleil Quatorze</data>    </node>    <node id=""Mycog&#233;nien"">      <data key=""d0"">Mycog&#233;nien</data>    </node>    <node id=""Bande-c&#233;leste"">      <data key=""d0"">Bande-c&#233;leste</data>    </node>    <node id=""Grand Ancien"">      <data key=""d0"">Grand Ancien</data>    </node>    <node id=""Dieu"">      <data key=""d0"">Dieu</data>    </node>    <node id=""Eto Demerzel"">      <data key=""d0"">Eto Demerzel;Demerzel</data>    </node>    <edge source=""Hari Seldon"" target=""Chetter"" />    <edge source=""Chetter"" target=""Seldon"" />    <edge source=""Chetter"" target=""Dors Venabili"" />    <edge source=""Chetter"" target=""Myc&#233;lium Soixante-douze"" />    <edge source=""Chetter"" target=""Hummin"" />    <edge source=""Chetter"" target=""Antennin"" />    <edge source=""Chetter"" target=""Wendome"" />    <edge source=""Chetter"" target=""Bendar"" />    <edge source=""Chetter"" target=""Ma&#238;tre-du-Soleil Quatorze"" />    <edge source=""Chetter"" target=""Mycog&#233;nien"" />    <edge source=""Chetter"" target=""Bande-c&#233;leste"" />    <edge source=""Chetter"" target=""Grand Ancien"" />    <edge source=""Chetter"" target=""Dieu"" />    <edge source=""Chetter"" target=""Eto Demerzel"" />  </graph></graphml>"
paf12,"<graphml xmlns=""http://graphml.graphdrawing.org/xmlns"" xmlns:xsi=""http://www.w3.org/2001/XMLSchema-instance"" xsi:schemaLocation=""http://graphml.graphdrawing.org/xmlns http://graphml.graphdrawing.org/xmlns/1.0/graphml.xsd"">  <key id=""d0"" for=""node"" attr.name=""names"" attr.type=""string"" />  <graph edgedefault=""undirected"">    <node id=""Hari Seldon"">      <data key=""d0"">Hari Seldon;Seldon;Hari</data>    </node>    <node id=""M&#232;re Rittah"">      <data key=""d0"">M&#232;re Rittah</data>    </node>    <node id=""Dahl"">      <data key=""d0"">Dahl;Dahlite</data>    </node>    <node id=""Seldon"">      <data key=""d0"">Seldon;Hari Seldon;Ma&#238;tre Seldon;Grimace de Seldon</data>    </node>    <node id=""Demerzel"">      <data key=""d0"">Demerzel</data>    </node>    <node id=""Cl&#233;on"">      <data key=""d0"">Cl&#233;on</data>    </node>    <node id=""Dieu"">      <data key=""d0"">Dieu</data>    </node>    <node id=""Goutte-de-Pluie"">      <data key=""d0"">Goutte-de-Pluie</data>    </node>    <node id=""Sire"">      <data key=""d0"">Sire</data>    </node>    <node id=""Grand Ancien"">      <data key=""d0"">Grand Ancien</data>    </node>    <node id=""Kan"">      <data key=""d0"">Kan</data>    </node>    <node id=""Hummin"">      <data key=""d0"">Hummin</data>    </node>    <node id=""Venabili"">      <data key=""d0"">Venabili;Ma&#238;tresse Venabili;Dors Venabili</data>    </node>    <node id=""Tisalver"">      <data key=""d0"">Tisalver;Ma&#238;tresse Tisalver;Casilia Tisalver</data>    </node>    <node id=""Jirad"">      <data key=""d0"">Jirad</data>    </node>    <node id=""Fr&#232;res mycog&#233;niens"">      <data key=""d0"">Fr&#232;res mycog&#233;niens</data>    </node>    <node id=""Hano Lindor"">      <data key=""d0"">Hano Lindor;Lindor</data>    </node>    <node id=""Casilia Tisalver"">      <data key=""d0"">Casilia Tisalver;Tisalver;Casilia</data>    </node>    <node id=""Dors Venabili"">      <data key=""d0"">Dors Venabili;Venabili;Dors</data>    </node>    <node id=""Amaryl"">      <data key=""d0"">Amaryl</data>    </node>    <node id=""Anat Bigell"">      <data key=""d0"">Anat Bigell</data>    </node>    <node id=""Ma moustache"">      <data key=""d0"">Ma moustache</data>    </node>    <edge source=""Hari Seldon"" target=""M&#232;re Rittah"" />    <edge source=""M&#232;re Rittah"" target=""Dahl"" />    <edge source=""M&#232;re Rittah"" target=""Seldon"" />    <edge source=""M&#232;re Rittah"" target=""Demerzel"" />    <edge source=""M&#232;re Rittah"" target=""Cl&#233;on"" />    <edge source=""M&#232;re Rittah"" target=""Sire"" />    <edge source=""M&#232;re Rittah"" target=""Grand Ancien"" />    <edge source=""M&#232;re Rittah"" target=""Kan"" />    <edge source=""M&#232;re Rittah"" target=""Hummin"" />    <edge source=""M&#232;re Rittah"" target=""Venabili"" />    <edge source=""M&#232;re Rittah"" target=""Tisalver"" />    <edge source=""M&#232;re Rittah"" target=""Jirad"" />    <edge source=""M&#232;re Rittah"" target=""Fr&#232;res mycog&#233;niens"" />    <edge source=""M&#232;re Rittah"" target=""Hano Lindor"" />    <edge source=""M&#232;re Rittah"" target=""Casilia Tisalver"" />    <edge source=""M&#232;re Rittah"" target=""Dors Venabili"" />    <edge source=""M&#232;re Rittah"" target=""Goutte-de-Pluie"" />    <edge source=""M&#232;re Rittah"" target=""Amaryl"" />    <edge source=""M&#232;re Rittah"" target=""Anat Bigell"" />    <edge source=""M&#232;re Rittah"" target=""Ma moustache"" />    <edge source=""Dieu"" target=""Goutte-de-Pluie"" />  </graph></graphml>"
paf13,"<graphml xmlns=""http://graphml.graphdrawing.org/xmlns"" xmlns:xsi=""http://www.w3.org/2001/XMLSchema-instance"" xsi:schemaLocation=""http://graphml.graphdrawing.org/xmlns http://graphml.graphdrawing.org/xmlns/1.0/graphml.xsd"">  <key id=""d0"" for=""node"" attr.name=""names"" attr.type=""string"" />  <graph edgedefault=""undirected"">    <node id=""Billibotton dahl"">      <data key=""d0"">Billibotton dahl</data>    </node>    <node id=""Marron"">      <data key=""d0"">Marron</data>    </node>    <node id=""Hari Seldon"">      <data key=""d0"">Hari Seldon;Hari;Seldon</data>    </node>    <node id=""Dors"">      <data key=""d0"">Dors</data>    </node>    <node id=""Dahl"">      <data key=""d0"">Dahl</data>    </node>    <node id=""Seldon"">      <data key=""d0"">Seldon;Hari Seldon;Ma&#238;tre Seldon</data>    </node>    <node id=""Hummin"">      <data key=""d0"">Hummin;Chetter Hummin</data>    </node>    <node id=""Demerzel"">      <data key=""d0"">Demerzel</data>    </node>    <node id=""Yugo Amaryl"">      <data key=""d0"">Yugo Amaryl</data>    </node>    <node id=""Casilia"">      <data key=""d0"">Casilia</data>    </node>    <node id=""Tisalver"">      <data key=""d0"">Tisalver</data>    </node>    <node id=""Ma&#238;tresse Venabili"">      <data key=""d0"">Ma&#238;tresse Venabili</data>    </node>    <node id=""M&#232;re Rittah"">      <data key=""d0"">M&#232;re Rittah</data>    </node>    <node id=""N&#226;n"">      <data key=""d0"">N&#226;n</data>    </node>    <node id=""Raych"">      <data key=""d0"">Raych</data>    </node>    <node id=""Cinna"">      <data key=""d0"">Cinna</data>    </node>    <node id=""Da-Nee"">      <data key=""d0"">Da-Nee</data>    </node>    <node id=""Ba-Lee"">      <data key=""d0"">Ba-Lee</data>    </node>    <edge source=""Billibotton dahl"" target=""Marron"" />    <edge source=""Marron"" target=""Hari Seldon"" />    <edge source=""Marron"" target=""Dors"" />    <edge source=""Marron"" target=""Dahl"" />    <edge source=""Marron"" target=""Seldon"" />    <edge source=""Marron"" target=""Hummin"" />    <edge source=""Marron"" target=""Demerzel"" />    <edge source=""Marron"" target=""Yugo Amaryl"" />    <edge source=""Marron"" target=""Casilia"" />    <edge source=""Marron"" target=""Tisalver"" />    <edge source=""Marron"" target=""Ma&#238;tresse Venabili"" />    <edge source=""Marron"" target=""M&#232;re Rittah"" />    <edge source=""Marron"" target=""N&#226;n"" />    <edge source=""Marron"" target=""Raych"" />    <edge source=""Marron"" target=""Cinna"" />    <edge source=""Marron"" target=""Da-Nee"" />    <edge source=""Marron"" target=""Ba-Lee"" />  </graph></graphml>"
paf14,"<graphml xmlns=""http://graphml.graphdrawing.org/xmlns"" xmlns:xsi=""http://www.w3.org/2001/XMLSchema-instance"" xsi:schemaLocation=""http://graphml.graphdrawing.org/xmlns http://graphml.graphdrawing.org/xmlns/1.0/graphml.xsd"">  <key id=""d0"" for=""node"" attr.name=""names"" attr.type=""string"" />  <graph edgedefault=""undirected"">    <node id=""Davan"">      <data key=""d0"">Davan;Ma&#238;tre Davan</data>    </node>    <node id=""Demerzel"">      <data key=""d0"">Demerzel</data>    </node>    <node id=""Hari Seldon"">      <data key=""d0"">Hari Seldon;Seldon</data>    </node>    <node id=""Dors Venabili"">      <data key=""d0"">Dors Venabili;Dors;Venabili</data>    </node>    <node id=""Tisalver"">      <data key=""d0"">Tisalver;Ma&#238;tre Tisalver;Ma&#238;tresse Tisalver</data>    </node>    <node id=""Dahlite"">      <data key=""d0"">Dahlite;Dahl</data>    </node>    <node id=""Venabili"">      <data key=""d0"">Venabili;Dors Venabili;Ma&#238;tresse Venabili</data>    </node>    <node id=""Raych"">      <data key=""d0"">Raych</data>    </node>    <node id=""Marlo Tanto"">      <data key=""d0"">Marlo Tanto</data>    </node>    <node id=""Yugo Amaryl"">      <data key=""d0"">Yugo Amaryl;Amaryl</data>    </node>    <node id=""Hummin"">      <data key=""d0"">Hummin</data>    </node>    <edge source=""Davan"" target=""Demerzel"" />    <edge source=""Demerzel"" target=""Hari Seldon"" />    <edge source=""Demerzel"" target=""Dors Venabili"" />    <edge source=""Demerzel"" target=""Tisalver"" />    <edge source=""Demerzel"" target=""Dahlite"" />    <edge source=""Demerzel"" target=""Venabili"" />    <edge source=""Demerzel"" target=""Raych"" />    <edge source=""Demerzel"" target=""Marlo Tanto"" />    <edge source=""Demerzel"" target=""Yugo Amaryl"" />    <edge source=""Venabili"" target=""Hummin"" />  </graph></graphml>"
paf15,"<graphml xmlns=""http://graphml.graphdrawing.org/xmlns"" xmlns:xsi=""http://www.w3.org/2001/XMLSchema-instance"" xsi:schemaLocation=""http://graphml.graphdrawing.org/xmlns http://graphml.graphdrawing.org/xmlns/1.0/graphml.xsd"">  <key id=""d0"" for=""node"" attr.name=""names"" attr.type=""string"" />  <graph edgedefault=""undirected"">    <node id=""Hari Seldon"">      <data key=""d0"">Hari Seldon;Seldon;Hari</data>    </node>    <node id=""Hummin"">      <data key=""d0"">Hummin</data>    </node>    <node id=""Davan"">      <data key=""d0"">Davan</data>    </node>    <node id=""Raych"">      <data key=""d0"">Raych</data>    </node>    <node id=""Seldon"">      <data key=""d0"">Seldon;Hari Seldon;Ma&#238;tre Seldon</data>    </node>    <node id=""Dors"">      <data key=""d0"">Dors</data>    </node>    <node id=""Kan"">      <data key=""d0"">Kan;Maire de Kan</data>    </node>    <node id=""Dahl"">      <data key=""d0"">Dahl;Maire de Dahl</data>    </node>    <node id=""Demerzel"">      <data key=""d0"">Demerzel</data>    </node>    <node id=""Tisalver"">      <data key=""d0"">Tisalver;Casilia Tisalver;Ma&#238;tresse Tisalver</data>    </node>    <node id=""Lanel Russ"">      <data key=""d0"">Lanel Russ;Russ</data>    </node>    <node id=""Gebore Astinwald"">      <data key=""d0"">Gebore Astinwald;Astinwald</data>    </node>    <node id=""Cinna"">      <data key=""d0"">Cinna</data>    </node>    <node id=""Elgin Marron"">      <data key=""d0"">Elgin Marron;Marron</data>    </node>    <edge source=""Hari Seldon"" target=""Hummin"" />    <edge source=""Hari Seldon"" target=""Davan"" />    <edge source=""Hummin"" target=""Raych"" />    <edge source=""Hummin"" target=""Seldon"" />    <edge source=""Hummin"" target=""Dors"" />    <edge source=""Hummin"" target=""Kan"" />    <edge source=""Hummin"" target=""Dahl"" />    <edge source=""Hummin"" target=""Demerzel"" />    <edge source=""Hummin"" target=""Tisalver"" />    <edge source=""Hummin"" target=""Lanel Russ"" />    <edge source=""Hummin"" target=""Gebore Astinwald"" />    <edge source=""Hummin"" target=""Cinna"" />    <edge source=""Hummin"" target=""Elgin Marron"" />    <edge source=""Hummin"" target=""Davan"" />    <edge source=""Davan"" target=""Seldon"" />    <edge source=""Davan"" target=""Lanel Russ"" />  </graph></graphml>"
paf16,"<graphml xmlns=""http://graphml.graphdrawing.org/xmlns"" xmlns:xsi=""http://www.w3.org/2001/XMLSchema-instance"" xsi:schemaLocation=""http://graphml.graphdrawing.org/xmlns http://graphml.graphdrawing.org/xmlns/1.0/graphml.xsd"">  <key id=""d0"" for=""node"" attr.name=""names"" attr.type=""string"" />  <graph edgedefault=""undirected"">    <node id=""Kan kan"">      <data key=""d0"">Kan kan;Kan</data>    </node>    <node id=""le Maire"">      <data key=""d0"">le Maire;madame le Maire</data>    </node>    <node id=""Mannix iv"">      <data key=""d0"">Mannix iv</data>    </node>    <node id=""Seldon"">      <data key=""d0"">Seldon;Hari Seldon;Ma&#238;tre Seldon;docteur Seldon</data>    </node>    <node id=""Emmer Thalus"">      <data key=""d0"">Emmer Thalus;Thalus</data>    </node>    <node id=""Hari Seldon"">      <data key=""d0"">Hari Seldon;Seldon;Hari</data>    </node>    <node id=""Dors"">      <data key=""d0"">Dors;Dors Venabili;Dors de Cinna</data>    </node>    <node id=""Sergent"">      <data key=""d0"">Sergent</data>    </node>    <node id=""Raych"">      <data key=""d0"">Raych</data>    </node>    <node id=""Davan"">      <data key=""d0"">Davan</data>    </node>    <node id=""Yugo Amaryl"">      <data key=""d0"">Yugo Amaryl</data>    </node>    <node id=""Chetter Hummin"">      <data key=""d0"">Chetter Hummin;Hummin</data>    </node>    <node id=""Dahl"">      <data key=""d0"">Dahl</data>    </node>    <node id=""Dors Venabili"">      <data key=""d0"">Dors Venabili;Dors;Venabili</data>    </node>    <node id=""Rachelle"">      <data key=""d0"">Rachelle</data>    </node>    <node id=""Demerzel"">      <data key=""d0"">Demerzel</data>    </node>    <edge source=""Kan kan"" target=""le Maire"" />    <edge source=""le Maire"" target=""Mannix iv"" />    <edge source=""le Maire"" target=""Seldon"" />    <edge source=""le Maire"" target=""Emmer Thalus"" />    <edge source=""le Maire"" target=""Hari Seldon"" />    <edge source=""le Maire"" target=""Dors"" />    <edge source=""le Maire"" target=""Sergent"" />    <edge source=""le Maire"" target=""Raych"" />    <edge source=""le Maire"" target=""Davan"" />    <edge source=""le Maire"" target=""Yugo Amaryl"" />    <edge source=""le Maire"" target=""Chetter Hummin"" />    <edge source=""le Maire"" target=""Dahl"" />    <edge source=""le Maire"" target=""Dors Venabili"" />    <edge source=""le Maire"" target=""Rachelle"" />    <edge source=""le Maire"" target=""Demerzel"" />  </graph></graphml>"
paf17,"<graphml xmlns=""http://graphml.graphdrawing.org/xmlns"" xmlns:xsi=""http://www.w3.org/2001/XMLSchema-instance"" xsi:schemaLocation=""http://graphml.graphdrawing.org/xmlns http://graphml.graphdrawing.org/xmlns/1.0/graphml.xsd"">  <key id=""d0"" for=""node"" attr.name=""names"" attr.type=""string"" />  <graph edgedefault=""undirected"">    <node id=""Seldon"">      <data key=""d0"">Seldon;Ma&#238;tre Seldon</data>    </node>    <node id=""Cl&#233;on"">      <data key=""d0"">Cl&#233;on</data>    </node>    <node id=""Dors Venabili"">      <data key=""d0"">Dors Venabili;Dors;Venabili</data>    </node>    <node id=""Dahlite"">      <data key=""d0"">Dahlite</data>    </node>    <node id=""Raych"">      <data key=""d0"">Raych</data>    </node>    <node id=""Hummin"">      <data key=""d0"">Hummin;Chetter Hummin</data>    </node>    <node id=""Kan"">      <data key=""d0"">Kan</data>    </node>    <node id=""Rachelle"">      <data key=""d0"">Rachelle;Rachelle Ire</data>    </node>    <node id=""Hari"">      <data key=""d0"">Hari</data>    </node>    <node id=""Demerzel"">      <data key=""d0"">Demerzel</data>    </node>    <node id=""Mannix"">      <data key=""d0"">Mannix;Maire Mannix iv</data>    </node>    <node id=""madame le Maire"">      <data key=""d0"">madame le Maire</data>    </node>    <node id=""Thalus"">      <data key=""d0"">Thalus</data>    </node>    <node id=""Madame le Maire"">      <data key=""d0"">Madame le Maire</data>    </node>    <edge source=""Seldon"" target=""Cl&#233;on"" />    <edge source=""Cl&#233;on"" target=""Dors Venabili"" />    <edge source=""Cl&#233;on"" target=""Raych"" />    <edge source=""Cl&#233;on"" target=""Hummin"" />    <edge source=""Cl&#233;on"" target=""Kan"" />    <edge source=""Cl&#233;on"" target=""Rachelle"" />    <edge source=""Cl&#233;on"" target=""Hari"" />    <edge source=""Cl&#233;on"" target=""Demerzel"" />    <edge source=""Cl&#233;on"" target=""Mannix"" />    <edge source=""Cl&#233;on"" target=""madame le Maire"" />    <edge source=""Cl&#233;on"" target=""Thalus"" />    <edge source=""Cl&#233;on"" target=""Madame le Maire"" />    <edge source=""Cl&#233;on"" target=""Dahlite"" />    <edge source=""Dors Venabili"" target=""Dahlite"" />    <edge source=""Dahlite"" target=""Hummin"" />  </graph></graphml>"
paf18,"<graphml xmlns=""http://graphml.graphdrawing.org/xmlns"" xmlns:xsi=""http://www.w3.org/2001/XMLSchema-instance"" xsi:schemaLocation=""http://graphml.graphdrawing.org/xmlns http://graphml.graphdrawing.org/xmlns/1.0/graphml.xsd"">  <key id=""d0"" for=""node"" attr.name=""names"" attr.type=""string"" />  <graph edgedefault=""undirected"">    <node id=""Hari Seldon"">      <data key=""d0"">Hari Seldon;Seldon;Hari</data>    </node>    <node id=""Demerzel"">      <data key=""d0"">Demerzel</data>    </node>    <node id=""Raych Seldon"">      <data key=""d0"">Raych Seldon;Seldon;Raych</data>    </node>    <node id=""Seldon"">      <data key=""d0"">Seldon;Hari Seldon;Raych Seldon</data>    </node>    <node id=""Hummin"">      <data key=""d0"">Hummin</data>    </node>    <node id=""M&#232;re Rittah"">      <data key=""d0"">M&#232;re Rittah</data>    </node>    <node id=""Dors"">      <data key=""d0"">Dors</data>    </node>    <node id=""Cl&#233;on"">      <data key=""d0"">Cl&#233;on</data>    </node>    <node id=""Mannix iv de Kan"">      <data key=""d0"">Mannix iv de Kan;Mannix</data>    </node>    <node id=""Rachelle"">      <data key=""d0"">Rachelle</data>    </node>    <node id=""Daneel"">      <data key=""d0"">Daneel</data>    </node>    <node id=""Dahlite"">      <data key=""d0"">Dahlite</data>    </node>    <node id=""Yugo Amaryl"">      <data key=""d0"">Yugo Amaryl</data>    </node>    <edge source=""Hari Seldon"" target=""Demerzel"" />    <edge source=""Demerzel"" target=""Raych Seldon"" />    <edge source=""Demerzel"" target=""Seldon"" />    <edge source=""Demerzel"" target=""Hummin"" />    <edge source=""Demerzel"" target=""M&#232;re Rittah"" />    <edge source=""Demerzel"" target=""Dors"" />    <edge source=""Demerzel"" target=""Cl&#233;on"" />    <edge source=""Demerzel"" target=""Mannix iv de Kan"" />    <edge source=""Demerzel"" target=""Rachelle"" />    <edge source=""Demerzel"" target=""Daneel"" />    <edge source=""Demerzel"" target=""Dahlite"" />    <edge source=""Demerzel"" target=""Yugo Amaryl"" />  </graph></graphml>"
lca0,"<graphml xmlns=""http://graphml.graphdrawing.org/xmlns"" xmlns:xsi=""http://www.w3.org/2001/XMLSchema-instance"" xsi:schemaLocation=""http://graphml.graphdrawing.org/xmlns http://graphml.graphdrawing.org/xmlns/1.0/graphml.xsd"">  <key id=""d0"" for=""node"" attr.name=""names"" attr.type=""string"" />  <graph edgedefault=""undirected"">    <node id=""Simpson"">      <data key=""d0"">Simpson</data>    </node>    <node id=""Roj Nemennuh Sarton"">      <data key=""d0"">Roj Nemennuh Sarton</data>    </node>    <node id=""Sammy"">      <data key=""d0"">Sammy</data>    </node>    <node id=""Vince Barrett"">      <data key=""d0"">Vince Barrett;Vince</data>    </node>    <node id=""Baley"">      <data key=""d0"">Baley</data>    </node>    <node id=""Enderby"">      <data key=""d0"">Enderby</data>    </node>    <node id=""Lije"">      <data key=""d0"">Lije</data>    </node>    <node id=""Julius"">      <data key=""d0"">Julius</data>    </node>    <edge source=""Simpson"" target=""Roj Nemennuh Sarton"" />    <edge source=""Roj Nemennuh Sarton"" target=""Sammy"" />    <edge source=""Roj Nemennuh Sarton"" target=""Vince Barrett"" />    <edge source=""Roj Nemennuh Sarton"" target=""Baley"" />    <edge source=""Roj Nemennuh Sarton"" target=""Enderby"" />    <edge source=""Roj Nemennuh Sarton"" target=""Lije"" />    <edge source=""Roj Nemennuh Sarton"" target=""Julius"" />  </graph></graphml>"
lca1,"<graphml xmlns=""http://graphml.graphdrawing.org/xmlns"" xmlns:xsi=""http://www.w3.org/2001/XMLSchema-instance"" xsi:schemaLocation=""http://graphml.graphdrawing.org/xmlns http://graphml.graphdrawing.org/xmlns/1.0/graphml.xsd"">  <key id=""d0"" for=""node"" attr.name=""names"" attr.type=""string"" />  <graph edgedefault=""undirected"">    <node id=""Poliment"">      <data key=""d0"">Poliment</data>    </node>    <node id=""Elijah Baley"">      <data key=""d0"">Elijah Baley;Baley;Elijah</data>    </node>    <node id=""Julius Enderby"">      <data key=""d0"">Julius Enderby;Enderby</data>    </node>    <node id=""Spacien"">      <data key=""d0"">Spacien</data>    </node>    <node id=""Daneel Olivaw"">      <data key=""d0"">Daneel Olivaw;Daneel</data>    </node>    <edge source=""Poliment"" target=""Elijah Baley"" />    <edge source=""Elijah Baley"" target=""Julius Enderby"" />    <edge source=""Elijah Baley"" target=""Spacien"" />    <edge source=""Elijah Baley"" target=""Daneel Olivaw"" />  </graph></graphml>"
lca2,"<graphml xmlns=""http://graphml.graphdrawing.org/xmlns"" xmlns:xsi=""http://www.w3.org/2001/XMLSchema-instance"" xsi:schemaLocation=""http://graphml.graphdrawing.org/xmlns http://graphml.graphdrawing.org/xmlns/1.0/graphml.xsd"">  <key id=""d0"" for=""node"" attr.name=""names"" attr.type=""string"" />  <graph edgedefault=""undirected"">    <node id=""Baley"">      <data key=""d0"">Baley</data>    </node>    <node id=""Elijah"">      <data key=""d0"">Elijah</data>    </node>    <node id=""Daneel"">      <data key=""d0"">Daneel;r. Daneel</data>    </node>    <node id=""Lije"">      <data key=""d0"">Lije</data>    </node>    <node id=""Boris"">      <data key=""d0"">Boris</data>    </node>    <edge source=""Baley"" target=""Elijah"" />    <edge source=""Elijah"" target=""Daneel"" />    <edge source=""Elijah"" target=""Lije"" />    <edge source=""Lije"" target=""Boris"" />  </graph></graphml>"
lca3,"<graphml xmlns=""http://graphml.graphdrawing.org/xmlns"" xmlns:xsi=""http://www.w3.org/2001/XMLSchema-instance"" xsi:schemaLocation=""http://graphml.graphdrawing.org/xmlns http://graphml.graphdrawing.org/xmlns/1.0/graphml.xsd"">  <key id=""d0"" for=""node"" attr.name=""names"" attr.type=""string"" />  <graph edgedefault=""undirected"">    <node id=""Jessie"">      <data key=""d0"">Jessie</data>    </node>    <node id=""Assieds-toi"">      <data key=""d0"">Assieds-toi</data>    </node>    <node id=""De Jessica"">      <data key=""d0"">De Jessica</data>    </node>    <node id=""J&#233;zabel"">      <data key=""d0"">J&#233;zabel</data>    </node>    <node id=""Baley"">      <data key=""d0"">Baley;Lije Baley;Bentley Baley</data>    </node>    <node id=""Elie"">      <data key=""d0"">Elie</data>    </node>    <node id=""Elijah"">      <data key=""d0"">Elijah</data>    </node>    <node id=""Lije Baley"">      <data key=""d0"">Lije Baley;Baley;Lije</data>    </node>    <node id=""Julius Enderby"">      <data key=""d0"">Julius Enderby</data>    </node>    <node id=""Ahab"">      <data key=""d0"">Ahab</data>    </node>    <node id=""J&#233;horam"">      <data key=""d0"">J&#233;horam</data>    </node>    <node id=""J&#233;hu"">      <data key=""d0"">J&#233;hu</data>    </node>    <node id=""Daneel"">      <data key=""d0"">Daneel;Daneel Olivaw;r. Daneel</data>    </node>    <node id=""Baal"">      <data key=""d0"">Baal</data>    </node>    <node id=""Naboth"">      <data key=""d0"">Naboth</data>    </node>    <node id=""Dieu"">      <data key=""d0"">Dieu</data>    </node>    <node id=""Bentley Baley"">      <data key=""d0"">Bentley Baley;Baley;Bentley;Ben</data>    </node>    <node id=""Daneel Olivaw"">      <data key=""d0"">Daneel Olivaw;Daneel;Olivaw</data>    </node>    <node id=""Papa"">      <data key=""d0"">Papa</data>    </node>    <edge source=""Jessie"" target=""Assieds-toi"" />    <edge source=""Assieds-toi"" target=""De Jessica"" />    <edge source=""Assieds-toi"" target=""J&#233;zabel"" />    <edge source=""Assieds-toi"" target=""Baley"" />    <edge source=""Assieds-toi"" target=""Elie"" />    <edge source=""Assieds-toi"" target=""Elijah"" />    <edge source=""Assieds-toi"" target=""Lije Baley"" />    <edge source=""Assieds-toi"" target=""Julius Enderby"" />    <edge source=""Assieds-toi"" target=""Ahab"" />    <edge source=""Assieds-toi"" target=""J&#233;horam"" />    <edge source=""Assieds-toi"" target=""Baal"" />    <edge source=""Assieds-toi"" target=""Naboth"" />    <edge source=""Assieds-toi"" target=""Dieu"" />    <edge source=""Assieds-toi"" target=""Bentley Baley"" />    <edge source=""Assieds-toi"" target=""Daneel Olivaw"" />    <edge source=""Assieds-toi"" target=""Daneel"" />    <edge source=""Assieds-toi"" target=""Papa"" />    <edge source=""J&#233;hu"" target=""Daneel"" />  </graph></graphml>"
lca4,"<graphml xmlns=""http://graphml.graphdrawing.org/xmlns"" xmlns:xsi=""http://www.w3.org/2001/XMLSchema-instance"" xsi:schemaLocation=""http://graphml.graphdrawing.org/xmlns http://graphml.graphdrawing.org/xmlns/1.0/graphml.xsd"">  <key id=""d0"" for=""node"" attr.name=""names"" attr.type=""string"" />  <graph edgedefault=""undirected"">    <node id=""Olivaw"">      <data key=""d0"">Olivaw</data>    </node>    <node id=""Lije"">      <data key=""d0"">Lije</data>    </node>    <node id=""Ben"">      <data key=""d0"">Ben</data>    </node>    <node id=""Baley"">      <data key=""d0"">Baley</data>    </node>    <node id=""r. Daneel"">      <data key=""d0"">r. Daneel;Daneel</data>    </node>    <node id=""Elijah"">      <data key=""d0"">Elijah</data>    </node>    <node id=""Dr Sarton"">      <data key=""d0"">Dr Sarton</data>    </node>    <node id=""Julius Enderby"">      <data key=""d0"">Julius Enderby;Enderby;Julius</data>    </node>    <edge source=""Olivaw"" target=""Lije"" />    <edge source=""Lije"" target=""Ben"" />    <edge source=""Lije"" target=""Baley"" />    <edge source=""Lije"" target=""r. Daneel"" />    <edge source=""Lije"" target=""Elijah"" />    <edge source=""Lije"" target=""Dr Sarton"" />    <edge source=""Lije"" target=""Julius Enderby"" />  </graph></graphml>"
lca5,"<graphml xmlns=""http://graphml.graphdrawing.org/xmlns"" xmlns:xsi=""http://www.w3.org/2001/XMLSchema-instance"" xsi:schemaLocation=""http://graphml.graphdrawing.org/xmlns http://graphml.graphdrawing.org/xmlns/1.0/graphml.xsd"">  <key id=""d0"" for=""node"" attr.name=""names"" attr.type=""string"" />  <graph edgedefault=""undirected"">    <node id=""Elijah Baley"">      <data key=""d0"">Elijah Baley;Baley</data>    </node>    <node id=""Jessie"">      <data key=""d0"">Jessie</data>    </node>    <node id=""Daneel Olivaw"">      <data key=""d0"">Daneel Olivaw;Daneel</data>    </node>    <node id=""Lije"">      <data key=""d0"">Lije</data>    </node>    <node id=""Julius Enderby"">      <data key=""d0"">Julius Enderby;Enderby</data>    </node>    <node id=""Bentley"">      <data key=""d0"">Bentley</data>    </node>    <edge source=""Elijah Baley"" target=""Jessie"" />    <edge source=""Jessie"" target=""Daneel Olivaw"" />    <edge source=""Jessie"" target=""Lije"" />    <edge source=""Jessie"" target=""Julius Enderby"" />    <edge source=""Jessie"" target=""Bentley"" />  </graph></graphml>"
lca6,"<graphml xmlns=""http://graphml.graphdrawing.org/xmlns"" xmlns:xsi=""http://www.w3.org/2001/XMLSchema-instance"" xsi:schemaLocation=""http://graphml.graphdrawing.org/xmlns http://graphml.graphdrawing.org/xmlns/1.0/graphml.xsd"">  <key id=""d0"" for=""node"" attr.name=""names"" attr.type=""string"" />  <graph edgedefault=""undirected"">    <node id=""Daneel"">      <data key=""d0"">Daneel;r. Daneel;Daneel Olivaw</data>    </node>    <node id=""Dr Sarton"">      <data key=""d0"">Dr Sarton</data>    </node>    <node id=""Lije"">      <data key=""d0"">Lije</data>    </node>    <node id=""Baley"">      <data key=""d0"">Baley</data>    </node>    <node id=""Sammy"">      <data key=""d0"">Sammy</data>    </node>    <node id=""Enderby"">      <data key=""d0"">Enderby</data>    </node>    <node id=""Elijah"">      <data key=""d0"">Elijah</data>    </node>    <node id=""Spacien"">      <data key=""d0"">Spacien</data>    </node>    <node id=""Fastolfe"">      <data key=""d0"">Fastolfe;Dr Han Fastolfe;Dr Fastolfe</data>    </node>    <edge source=""Daneel"" target=""Dr Sarton"" />    <edge source=""Dr Sarton"" target=""Lije"" />    <edge source=""Dr Sarton"" target=""Baley"" />    <edge source=""Dr Sarton"" target=""Sammy"" />    <edge source=""Dr Sarton"" target=""Enderby"" />    <edge source=""Dr Sarton"" target=""Elijah"" />    <edge source=""Dr Sarton"" target=""Spacien"" />    <edge source=""Dr Sarton"" target=""Fastolfe"" />  </graph></graphml>"
lca7,"<graphml xmlns=""http://graphml.graphdrawing.org/xmlns"" xmlns:xsi=""http://www.w3.org/2001/XMLSchema-instance"" xsi:schemaLocation=""http://graphml.graphdrawing.org/xmlns http://graphml.graphdrawing.org/xmlns/1.0/graphml.xsd"">  <key id=""d0"" for=""node"" attr.name=""names"" attr.type=""string"" />  <graph edgedefault=""undirected"">    <node id=""Enderby"">      <data key=""d0"">Enderby</data>    </node>    <node id=""Elijah"">      <data key=""d0"">Elijah</data>    </node>    <node id=""Julius"">      <data key=""d0"">Julius</data>    </node>    <node id=""Daneel"">      <data key=""d0"">Daneel;r. Daneel;Daneel Olivaw</data>    </node>    <node id=""Lije"">      <data key=""d0"">Lije</data>    </node>    <node id=""Dr Sarton"">      <data key=""d0"">Dr Sarton</data>    </node>    <node id=""Baley"">      <data key=""d0"">Baley</data>    </node>    <node id=""Fastolfe"">      <data key=""d0"">Fastolfe;Dr Fastolfe</data>    </node>    <node id=""Jessie"">      <data key=""d0"">Jessie</data>    </node>    <edge source=""Enderby"" target=""Elijah"" />    <edge source=""Elijah"" target=""Lije"" />    <edge source=""Elijah"" target=""Dr Sarton"" />    <edge source=""Elijah"" target=""Baley"" />    <edge source=""Elijah"" target=""Daneel"" />    <edge source=""Elijah"" target=""Fastolfe"" />    <edge source=""Elijah"" target=""Jessie"" />    <edge source=""Julius"" target=""Daneel"" />  </graph></graphml>"
lca8,"<graphml xmlns=""http://graphml.graphdrawing.org/xmlns"" xmlns:xsi=""http://www.w3.org/2001/XMLSchema-instance"" xsi:schemaLocation=""http://graphml.graphdrawing.org/xmlns http://graphml.graphdrawing.org/xmlns/1.0/graphml.xsd"">  <key id=""d0"" for=""node"" attr.name=""names"" attr.type=""string"" />  <graph edgedefault=""undirected"">    <node id=""Daneel"">      <data key=""d0"">Daneel;r. Daneel</data>    </node>    <node id=""Elijah"">      <data key=""d0"">Elijah</data>    </node>    <node id=""Baley"">      <data key=""d0"">Baley;Monsieur Baley</data>    </node>    <node id=""Dr Fastolfe"">      <data key=""d0"">Dr Fastolfe;Fastolfe</data>    </node>    <node id=""Lije"">      <data key=""d0"">Lije</data>    </node>    <edge source=""Daneel"" target=""Elijah"" />    <edge source=""Elijah"" target=""Baley"" />    <edge source=""Elijah"" target=""Dr Fastolfe"" />    <edge source=""Baley"" target=""Lije"" />  </graph></graphml>"
lca9,"<graphml xmlns=""http://graphml.graphdrawing.org/xmlns"" xmlns:xsi=""http://www.w3.org/2001/XMLSchema-instance"" xsi:schemaLocation=""http://graphml.graphdrawing.org/xmlns http://graphml.graphdrawing.org/xmlns/1.0/graphml.xsd"">  <key id=""d0"" for=""node"" attr.name=""names"" attr.type=""string"" />  <graph edgedefault=""undirected"">    <node id=""Daneel"">      <data key=""d0"">Daneel;r. Daneel</data>    </node>    <node id=""Bentley"">      <data key=""d0"">Bentley</data>    </node>    <node id=""Baley"">      <data key=""d0"">Baley</data>    </node>    <node id=""Enderby"">      <data key=""d0"">Enderby</data>    </node>    <node id=""Dr Sarton"">      <data key=""d0"">Dr Sarton</data>    </node>    <node id=""Elijah"">      <data key=""d0"">Elijah</data>    </node>    <node id=""Lije"">      <data key=""d0"">Lije</data>    </node>    <node id=""Fastolfe"">      <data key=""d0"">Fastolfe;Dr Fastolfe</data>    </node>    <node id=""Jessie"">      <data key=""d0"">Jessie</data>    </node>    <node id=""Shakespeare"">      <data key=""d0"">Shakespeare</data>    </node>    <node id=""Churchill"">      <data key=""d0"">Churchill</data>    </node>    <edge source=""Daneel"" target=""Bentley"" />    <edge source=""Bentley"" target=""Baley"" />    <edge source=""Bentley"" target=""Enderby"" />    <edge source=""Bentley"" target=""Dr Sarton"" />    <edge source=""Bentley"" target=""Elijah"" />    <edge source=""Bentley"" target=""Lije"" />    <edge source=""Bentley"" target=""Fastolfe"" />    <edge source=""Bentley"" target=""Jessie"" />    <edge source=""Bentley"" target=""Shakespeare"" />    <edge source=""Bentley"" target=""Churchill"" />  </graph></graphml>"
lca10,"<graphml xmlns=""http://graphml.graphdrawing.org/xmlns"" xmlns:xsi=""http://www.w3.org/2001/XMLSchema-instance"" xsi:schemaLocation=""http://graphml.graphdrawing.org/xmlns http://graphml.graphdrawing.org/xmlns/1.0/graphml.xsd"">  <key id=""d0"" for=""node"" attr.name=""names"" attr.type=""string"" />  <graph edgedefault=""undirected"">    <node id=""Daneel"">      <data key=""d0"">Daneel;r. Daneel</data>    </node>    <node id=""Elijah Baley"">      <data key=""d0"">Elijah Baley;Baley;Elijah</data>    </node>    <node id=""Zoo"">      <data key=""d0"">Zoo</data>    </node>    <node id=""Ben"">      <data key=""d0"">Ben</data>    </node>    <edge source=""Daneel"" target=""Elijah Baley"" />    <edge source=""Elijah Baley"" target=""Zoo"" />    <edge source=""Elijah Baley"" target=""Ben"" />  </graph></graphml>"
lca11,"<graphml xmlns=""http://graphml.graphdrawing.org/xmlns"" xmlns:xsi=""http://www.w3.org/2001/XMLSchema-instance"" xsi:schemaLocation=""http://graphml.graphdrawing.org/xmlns http://graphml.graphdrawing.org/xmlns/1.0/graphml.xsd"">  <key id=""d0"" for=""node"" attr.name=""names"" attr.type=""string"" />  <graph edgedefault=""undirected"">    <node id=""Sammy"">      <data key=""d0"">Sammy</data>    </node>    <node id=""Heisenberg"">      <data key=""d0"">Heisenberg</data>    </node>    <node id=""Lije"">      <data key=""d0"">Lije</data>    </node>    <node id=""Baley"">      <data key=""d0"">Baley</data>    </node>    <node id=""Enderby"">      <data key=""d0"">Enderby</data>    </node>    <node id=""Julius"">      <data key=""d0"">Julius</data>    </node>    <node id=""Gerrigel"">      <data key=""d0"">Gerrigel;Dr Gerrigel</data>    </node>    <node id=""Elijah"">      <data key=""d0"">Elijah</data>    </node>    <node id=""Daneel"">      <data key=""d0"">Daneel;r. Daneel</data>    </node>    <node id=""Francis Clousarr"">      <data key=""d0"">Francis Clousarr</data>    </node>    <node id=""Paul Gerhard"">      <data key=""d0"">Paul Gerhard</data>    </node>    <node id=""Chester"">      <data key=""d0"">Chester</data>    </node>    <edge source=""Sammy"" target=""Heisenberg"" />    <edge source=""Heisenberg"" target=""Lije"" />    <edge source=""Heisenberg"" target=""Baley"" />    <edge source=""Heisenberg"" target=""Enderby"" />    <edge source=""Heisenberg"" target=""Julius"" />    <edge source=""Heisenberg"" target=""Gerrigel"" />    <edge source=""Heisenberg"" target=""Elijah"" />    <edge source=""Heisenberg"" target=""Daneel"" />    <edge source=""Heisenberg"" target=""Francis Clousarr"" />    <edge source=""Heisenberg"" target=""Paul Gerhard"" />    <edge source=""Heisenberg"" target=""Chester"" />  </graph></graphml>"
lca12,"<graphml xmlns=""http://graphml.graphdrawing.org/xmlns"" xmlns:xsi=""http://www.w3.org/2001/XMLSchema-instance"" xsi:schemaLocation=""http://graphml.graphdrawing.org/xmlns http://graphml.graphdrawing.org/xmlns/1.0/graphml.xsd"">  <key id=""d0"" for=""node"" attr.name=""names"" attr.type=""string"" />  <graph edgedefault=""undirected"">    <node id=""Gerrigel"">      <data key=""d0"">Gerrigel;Dr Gerrigel</data>    </node>    <node id=""Bentley"">      <data key=""d0"">Bentley</data>    </node>    <node id=""Baley"">      <data key=""d0"">Baley</data>    </node>    <node id=""Jessie"">      <data key=""d0"">Jessie</data>    </node>    <node id=""Daneel"">      <data key=""d0"">Daneel;r. Daneel</data>    </node>    <node id=""Norris"">      <data key=""d0"">Norris</data>    </node>    <node id=""Lije"">      <data key=""d0"">Lije</data>    </node>    <node id=""Vince Barrett"">      <data key=""d0"">Vince Barrett;Barrett</data>    </node>    <node id=""r. Sammy"">      <data key=""d0"">r. Sammy;Sammy</data>    </node>    <node id=""Phil"">      <data key=""d0"">Phil</data>    </node>    <node id=""Elijah"">      <data key=""d0"">Elijah</data>    </node>    <node id=""Enderby"">      <data key=""d0"">Enderby;Julius Enderby</data>    </node>    <node id=""Dr Sarton"">      <data key=""d0"">Dr Sarton</data>    </node>    <node id=""Dr Fastolfe"">      <data key=""d0"">Dr Fastolfe</data>    </node>    <edge source=""Gerrigel"" target=""Bentley"" />    <edge source=""Bentley"" target=""Norris"" />    <edge source=""Bentley"" target=""Jessie"" />    <edge source=""Baley"" target=""Jessie"" />    <edge source=""Jessie"" target=""Daneel"" />    <edge source=""Jessie"" target=""Lije"" />    <edge source=""Jessie"" target=""Vince Barrett"" />    <edge source=""Jessie"" target=""r. Sammy"" />    <edge source=""Jessie"" target=""Phil"" />    <edge source=""Jessie"" target=""Elijah"" />    <edge source=""Jessie"" target=""Enderby"" />    <edge source=""Jessie"" target=""Dr Sarton"" />    <edge source=""Jessie"" target=""Dr Fastolfe"" />  </graph></graphml>"
lca13,"<graphml xmlns=""http://graphml.graphdrawing.org/xmlns"" xmlns:xsi=""http://www.w3.org/2001/XMLSchema-instance"" xsi:schemaLocation=""http://graphml.graphdrawing.org/xmlns http://graphml.graphdrawing.org/xmlns/1.0/graphml.xsd"">  <key id=""d0"" for=""node"" attr.name=""names"" attr.type=""string"" />  <graph edgedefault=""undirected"">    <node id=""Baley"">      <data key=""d0"">Baley</data>    </node>    <node id=""Francis Clousarr"">      <data key=""d0"">Francis Clousarr</data>    </node>    <node id=""Jessie"">      <data key=""d0"">Jessie</data>    </node>    <node id=""Daneel"">      <data key=""d0"">Daneel;r. Daneel</data>    </node>    <node id=""Lije"">      <data key=""d0"">Lije</data>    </node>    <node id=""Lizzy"">      <data key=""d0"">Lizzy</data>    </node>    <node id=""Jane Myers"">      <data key=""d0"">Jane Myers</data>    </node>    <node id=""Elisabeth"">      <data key=""d0"">Elisabeth</data>    </node>    <node id=""J&#233;zabel"">      <data key=""d0"">J&#233;zabel</data>    </node>    <node id=""Bentley"">      <data key=""d0"">Bentley</data>    </node>    <node id=""Joseph Klemin"">      <data key=""d0"">Joseph Klemin;Klemin</data>    </node>    <node id=""J&#233;sus"">      <data key=""d0"">J&#233;sus</data>    </node>    <node id=""Elijah"">      <data key=""d0"">Elijah</data>    </node>    <edge source=""Baley"" target=""Francis Clousarr"" />    <edge source=""Francis Clousarr"" target=""Jessie"" />    <edge source=""Francis Clousarr"" target=""Daneel"" />    <edge source=""Francis Clousarr"" target=""Lije"" />    <edge source=""Francis Clousarr"" target=""Lizzy"" />    <edge source=""Francis Clousarr"" target=""Jane Myers"" />    <edge source=""Francis Clousarr"" target=""Elisabeth"" />    <edge source=""Francis Clousarr"" target=""J&#233;zabel"" />    <edge source=""Francis Clousarr"" target=""Bentley"" />    <edge source=""Francis Clousarr"" target=""Joseph Klemin"" />    <edge source=""Francis Clousarr"" target=""J&#233;sus"" />    <edge source=""Francis Clousarr"" target=""Elijah"" />  </graph></graphml>"
lca14,"<graphml xmlns=""http://graphml.graphdrawing.org/xmlns"" xmlns:xsi=""http://www.w3.org/2001/XMLSchema-instance"" xsi:schemaLocation=""http://graphml.graphdrawing.org/xmlns http://graphml.graphdrawing.org/xmlns/1.0/graphml.xsd"">  <key id=""d0"" for=""node"" attr.name=""names"" attr.type=""string"" />  <graph edgedefault=""undirected"">    <node id=""Boris"">      <data key=""d0"">Boris</data>    </node>    <node id=""Enderby"">      <data key=""d0"">Enderby</data>    </node>    <node id=""Baley"">      <data key=""d0"">Baley</data>    </node>    <node id=""Sammy"">      <data key=""d0"">Sammy</data>    </node>    <node id=""Clousarr"">      <data key=""d0"">Clousarr;Francis Clousarr</data>    </node>    <node id=""Daneel"">      <data key=""d0"">Daneel;r. Daneel</data>    </node>    <node id=""Elijah"">      <data key=""d0"">Elijah</data>    </node>    <node id=""Dr Fastolfe"">      <data key=""d0"">Dr Fastolfe</data>    </node>    <edge source=""Boris"" target=""Enderby"" />    <edge source=""Enderby"" target=""Sammy"" />    <edge source=""Baley"" target=""Sammy"" />    <edge source=""Sammy"" target=""Clousarr"" />    <edge source=""Sammy"" target=""Daneel"" />    <edge source=""Sammy"" target=""Elijah"" />    <edge source=""Sammy"" target=""Dr Fastolfe"" />  </graph></graphml>"
lca15,"<graphml xmlns=""http://graphml.graphdrawing.org/xmlns"" xmlns:xsi=""http://www.w3.org/2001/XMLSchema-instance"" xsi:schemaLocation=""http://graphml.graphdrawing.org/xmlns http://graphml.graphdrawing.org/xmlns/1.0/graphml.xsd"">  <key id=""d0"" for=""node"" attr.name=""names"" attr.type=""string"" />  <graph edgedefault=""undirected"">    <node id=""Daneel"">      <data key=""d0"">Daneel;r. Daneel</data>    </node>    <node id=""Vince Barrett"">      <data key=""d0"">Vince Barrett</data>    </node>    <node id=""Francis"">      <data key=""d0"">Francis</data>    </node>    <node id=""Clousarr"">      <data key=""d0"">Clousarr</data>    </node>    <node id=""Baley"">      <data key=""d0"">Baley</data>    </node>    <node id=""Elijah"">      <data key=""d0"">Elijah</data>    </node>    <node id=""Sammy"">      <data key=""d0"">Sammy</data>    </node>    <node id=""saint Fastolfe"">      <data key=""d0"">saint Fastolfe</data>    </node>    <node id=""Enderby"">      <data key=""d0"">Enderby</data>    </node>    <node id=""Gerrigel"">      <data key=""d0"">Gerrigel;saint Gerrigel;Docteur Gerrigel</data>    </node>    <node id=""Julius"">      <data key=""d0"">Julius</data>    </node>    <edge source=""Daneel"" target=""Vince Barrett"" />    <edge source=""Vince Barrett"" target=""Francis"" />    <edge source=""Vince Barrett"" target=""Clousarr"" />    <edge source=""Vince Barrett"" target=""Baley"" />    <edge source=""Vince Barrett"" target=""Elijah"" />    <edge source=""Vince Barrett"" target=""Sammy"" />    <edge source=""Vince Barrett"" target=""saint Fastolfe"" />    <edge source=""Vince Barrett"" target=""Enderby"" />    <edge source=""Vince Barrett"" target=""Gerrigel"" />    <edge source=""Enderby"" target=""Julius"" />  </graph></graphml>"
lca16,"<graphml xmlns=""http://graphml.graphdrawing.org/xmlns"" xmlns:xsi=""http://www.w3.org/2001/XMLSchema-instance"" xsi:schemaLocation=""http://graphml.graphdrawing.org/xmlns http://graphml.graphdrawing.org/xmlns/1.0/graphml.xsd"">  <key id=""d0"" for=""node"" attr.name=""names"" attr.type=""string"" />  <graph edgedefault=""undirected"">    <node id=""Sarton"">      <data key=""d0"">Sarton;Dr Sarton</data>    </node>    <node id=""Jessie"">      <data key=""d0"">Jessie</data>    </node>    <node id=""r. Daneel"">      <data key=""d0"">r. Daneel;Daneel</data>    </node>    <node id=""Dr Fastolfe"">      <data key=""d0"">Dr Fastolfe</data>    </node>    <node id=""Clousarr"">      <data key=""d0"">Clousarr;Francis Clousarr</data>    </node>    <node id=""Elijah Baley"">      <data key=""d0"">Elijah Baley;Baley;Elijah</data>    </node>    <node id=""Lije"">      <data key=""d0"">Lije</data>    </node>    <node id=""Enderby"">      <data key=""d0"">Enderby</data>    </node>    <node id=""Sammy"">      <data key=""d0"">Sammy</data>    </node>    <edge source=""Sarton"" target=""Jessie"" />    <edge source=""Jessie"" target=""r. Daneel"" />    <edge source=""Jessie"" target=""Dr Fastolfe"" />    <edge source=""Jessie"" target=""Clousarr"" />    <edge source=""Jessie"" target=""Elijah Baley"" />    <edge source=""Jessie"" target=""Lije"" />    <edge source=""Jessie"" target=""Enderby"" />    <edge source=""Jessie"" target=""Sammy"" />  </graph></graphml>"
lca17,"<graphml xmlns=""http://graphml.graphdrawing.org/xmlns"" xmlns:xsi=""http://www.w3.org/2001/XMLSchema-instance"" xsi:schemaLocation=""http://graphml.graphdrawing.org/xmlns http://graphml.graphdrawing.org/xmlns/1.0/graphml.xsd"">  <key id=""d0"" for=""node"" attr.name=""names"" attr.type=""string"" />  <graph edgedefault=""undirected"">    <node id=""Enderby"">      <data key=""d0"">Enderby;Julius Enderby</data>    </node>    <node id=""Dr Fastolfe"">      <data key=""d0"">Dr Fastolfe</data>    </node>    <node id=""Clousarr"">      <data key=""d0"">Clousarr</data>    </node>    <node id=""Baley"">      <data key=""d0"">Baley</data>    </node>    <node id=""Lije"">      <data key=""d0"">Lije</data>    </node>    <node id=""Sammy"">      <data key=""d0"">Sammy</data>    </node>    <node id=""Dr Sarton"">      <data key=""d0"">Dr Sarton;Sarton</data>    </node>    <node id=""J&#233;zabel"">      <data key=""d0"">J&#233;zabel</data>    </node>    <node id=""Daneel"">      <data key=""d0"">Daneel;r. Daneel</data>    </node>    <node id=""Jessie"">      <data key=""d0"">Jessie</data>    </node>    <node id=""Elijah"">      <data key=""d0"">Elijah</data>    </node>    <edge source=""Enderby"" target=""Dr Fastolfe"" />    <edge source=""Dr Fastolfe"" target=""Clousarr"" />    <edge source=""Dr Fastolfe"" target=""Baley"" />    <edge source=""Dr Fastolfe"" target=""Lije"" />    <edge source=""Dr Fastolfe"" target=""Sammy"" />    <edge source=""Dr Fastolfe"" target=""Dr Sarton"" />    <edge source=""Dr Fastolfe"" target=""J&#233;zabel"" />    <edge source=""Dr Fastolfe"" target=""Daneel"" />    <edge source=""Dr Fastolfe"" target=""Jessie"" />    <edge source=""Dr Fastolfe"" target=""Elijah"" />  </graph></graphml>"
